ID,Year_Birth,Education,Marital_Status,Income,Kidhome,Teenhome,Dt_Customer,Recency,MntWines,MntFruits,MntMeatProducts,MntFishProducts,MntSweetProducts,MntGoldProds,NumDealsPurchases,NumWebPurchases,NumCatalogPurchases,NumStorePurchases,NumWebVisitsMonth,AcceptedCmp3,AcceptedCmp4,AcceptedCmp5,AcceptedCmp1,AcceptedCmp2,Complain,Z_CostContact,Z_Revenue,Response
5524,1957,Graduation,Single,58138,0,0,04-09-2012,58,635,88,546,172,88,88,3,8,10,4,7,0,0,0,0,0,0,3,11,1
2174,1954,Graduation,Single,46344,1,1,08-03-2014,38,11,1,6,2,1,6,2,1,1,2,5,0,0,0,0,0,0,3,11,0
4141,1965,Graduation,Together,71613,0,0,21-08-2013,26,426,49,127,111,21,42,1,8,2,10,4,0,0,0,0,0,0,3,11,0
6182,1984,Graduation,Together,26646,1,0,10-02-2014,26,11,4,20,10,3,5,2,2,0,4,6,0,0,0,0,0,0,3,11,0
5324,1981,PhD,Married,58293,1,0,19-01-2014,94,173,43,118,46,27,15,5,5,3,6,5,0,0,0,0,0,0,3,11,0
7446,1967,Master,Together,62513,0,1,09-09-2013,16,520,42,98,0,42,14,2,6,4,10,6,0,0,0,0,0,0,3,11,0
965,1971,Graduation,Divorced,55635,0,1,13-11-2012,34,235,65,164,50,49,27,4,7,3,7,6,0,0,0,0,0,0,3,11,0
6177,1985,PhD,Married,33454,1,0,08-05-2013,32,76,10,56,3,1,23,2,4,0,4,8,0,0,0,0,0,0,3,11,0
4855,1974,PhD,Together,30351,1,0,06-06-2013,19,14,0,24,3,3,2,1,3,0,2,9,0,0,0,0,0,0,3,11,1
5899,1950,PhD,Together,5648,1,1,13-03-2014,68,28,0,6,1,1,13,1,1,0,0,20,1,0,0,0,0,0,3,11,0
387,1976,Basic,Married,7500,0,0,13-11-2012,59,6,16,11,11,1,16,1,2,0,3,8,0,0,0,0,0,0,3,11,0
2125,1959,Graduation,Divorced,63033,0,0,15-11-2013,82,194,61,480,225,112,30,1,3,4,8,2,0,0,0,0,0,0,3,11,0
8180,1952,Master,Divorced,59354,1,1,15-11-2013,53,233,2,53,3,5,14,3,6,1,5,6,0,0,0,0,0,0,3,11,0
2569,1987,Graduation,Married,17323,0,0,10-10-2012,38,3,14,17,6,1,5,1,1,0,3,8,0,0,0,0,0,0,3,11,0
2114,1946,PhD,Single,82800,0,0,24-11-2012,23,1006,22,115,59,68,45,1,7,6,12,3,0,0,1,1,0,0,3,11,1
9736,1980,Graduation,Married,41850,1,1,24-12-2012,51,53,5,19,2,13,4,3,3,0,3,8,0,0,0,0,0,0,3,11,0
4939,1946,Graduation,Together,37760,0,0,31-08-2012,20,84,5,38,150,12,28,2,4,1,6,7,0,0,0,0,0,0,3,11,0
6565,1949,Master,Married,76995,0,1,28-03-2013,91,1012,80,498,0,16,176,2,11,4,9,5,0,0,0,1,0,0,3,11,0
5376,1979,Graduation,Married,2447,1,0,06-01-2013,42,1,1,1725,1,1,1,15,0,28,0,1,0,0,0,0,0,0,3,11,0
1993,1949,PhD,Married,58607,0,1,23-12-2012,63,867,0,86,0,0,19,3,2,3,9,8,0,1,0,0,0,0,3,11,0
4047,1954,PhD,Married,65324,0,1,11-01-2014,0,384,0,102,21,32,5,3,6,2,9,4,0,0,0,0,0,0,3,11,0
1409,1951,Graduation,Together,40689,0,1,18-03-2013,69,270,3,27,39,6,99,7,7,1,5,8,0,0,0,0,0,0,3,11,0
7892,1969,Graduation,Single,18589,0,0,02-01-2013,89,6,4,25,15,12,13,2,2,1,3,7,0,0,0,0,0,0,3,11,0
2404,1976,Graduation,Married,53359,1,1,27-05-2013,4,173,4,30,3,6,41,4,5,1,4,7,0,0,0,0,0,0,3,11,0
9422,1989,Graduation,Married,38360,1,0,31-05-2013,26,36,2,42,20,21,10,2,2,1,4,3,0,0,0,0,0,0,3,11,0
1966,1965,PhD,Married,84618,0,0,22-11-2013,96,684,100,801,21,66,0,1,6,9,10,2,0,0,1,0,0,0,3,11,0
6864,1989,Master,Divorced,10979,0,0,22-05-2014,34,8,4,10,2,2,4,2,3,0,3,5,0,0,0,0,0,0,3,11,0
3033,1963,Master,Together,38620,0,0,11-05-2013,56,112,17,44,34,22,89,1,2,5,3,3,0,0,0,0,0,0,3,11,0
5710,1970,Graduation,Together,40548,0,1,10-10-2012,31,110,0,5,2,0,3,2,2,1,4,5,0,1,0,0,0,0,3,11,0
7373,1952,PhD,Divorced,46610,0,2,29-10-2012,8,96,12,96,33,22,43,6,4,1,6,6,0,0,0,0,0,0,3,11,1
8755,1946,Master,Married,68657,0,0,20-02-2013,4,482,34,471,119,68,22,1,3,5,9,7,0,0,0,0,0,0,3,11,0
10738,1951,Master,Single,49389,1,1,29-08-2013,55,40,0,19,2,1,3,1,2,0,3,7,0,0,0,0,0,0,3,11,0
4339,1970,PhD,Married,67353,0,1,31-12-2013,37,702,17,151,0,8,35,5,5,6,12,2,0,0,0,0,0,0,3,11,0
2968,1943,PhD,Divorced,48948,0,0,01-02-2013,53,437,8,206,160,49,42,2,7,10,5,6,1,0,0,0,0,0,3,11,1
8601,1980,Graduation,Married,80011,0,1,29-04-2013,3,421,76,536,82,178,102,2,8,6,5,4,0,0,0,0,0,0,3,11,0
503,1985,Master,Married,20559,1,0,12-03-2013,88,13,1,29,3,0,7,2,2,0,3,8,0,0,0,0,0,0,3,11,0
8430,1957,Graduation,Together,21994,0,1,24-12-2012,4,9,0,6,3,1,3,1,0,0,3,5,0,0,0,0,0,0,3,11,0
2139,1975,Master,Married,7500,1,0,02-10-2013,19,3,1,10,3,2,12,3,2,0,3,5,0,0,0,0,0,0,3,11,0
1371,1976,Graduation,Single,79941,0,0,28-06-2014,72,123,164,266,227,30,174,1,2,4,9,1,0,0,0,0,0,0,3,11,0
6566,1954,PhD,Married,72550,1,1,08-11-2012,39,826,50,317,50,38,38,9,5,2,12,8,0,0,0,0,0,0,3,11,0
8614,1957,Graduation,Widow,65486,0,1,12-05-2014,29,245,19,125,37,67,14,1,4,2,10,2,0,0,0,0,0,0,3,11,0
4114,1964,Master,Married,79143,0,0,11-08-2012,2,650,37,780,27,167,32,1,6,9,13,3,0,0,0,0,0,0,3,11,0
1331,1977,Graduation,Single,35790,1,0,02-01-2013,54,12,6,20,30,1,3,2,2,0,3,7,0,0,0,0,0,0,3,11,0
2225,1977,Graduation,Divorced,82582,0,0,07-06-2014,54,510,120,550,156,40,241,1,4,9,7,1,1,0,0,1,0,0,3,11,1
9381,1978,Graduation,Married,66373,1,1,12-06-2013,57,328,9,124,12,24,109,7,4,2,10,3,0,0,0,0,0,0,3,11,0
6260,1955,Master,Together,82384,0,0,19-11-2012,55,984,51,432,180,120,190,1,3,10,13,1,0,0,1,0,0,0,3,11,1
10383,1966,Graduation,Divorced,70287,0,0,02-04-2013,30,295,35,482,121,120,40,1,5,5,10,3,0,0,0,0,0,0,3,11,1
7437,1988,Graduation,Single,27938,1,0,28-04-2014,31,13,0,8,2,1,5,1,1,0,4,3,0,0,0,0,0,0,3,11,0
8375,1968,PhD,Married,55954,0,1,03-03-2014,63,447,0,28,0,0,43,3,8,2,6,7,0,0,0,0,0,0,3,11,0
6853,1982,Master,Single,75777,0,0,04-07-2013,12,712,26,538,69,13,80,1,3,6,11,1,0,1,1,0,0,0,3,11,1
3076,1975,Graduation,Together,66653,1,1,07-09-2012,18,452,18,102,16,18,6,4,4,2,12,3,0,0,0,0,0,0,3,11,0
1012,1952,Graduation,Single,61823,0,1,18-02-2013,26,523,7,134,37,14,169,4,8,2,10,7,0,0,0,0,0,0,3,11,0
6518,1951,PhD,Widow,67680,0,1,11-06-2013,8,546,0,48,0,6,6,1,7,3,8,5,0,0,0,0,0,0,3,11,0
4137,1948,Graduation,Together,70666,0,0,06-12-2013,29,398,40,367,119,122,30,1,7,4,4,4,0,0,0,0,0,0,3,11,0
8082,1971,Graduation,Married,25721,1,0,21-05-2013,75,1,3,6,3,6,15,1,1,1,2,7,0,0,0,0,0,0,3,11,1
1386,1967,Graduation,Together,32474,1,1,11-05-2014,0,10,0,1,0,0,0,1,1,0,2,7,0,0,0,0,0,0,3,11,0
1357,1970,Graduation,Together,74854,1,2,08-04-2013,90,856,59,487,58,29,73,7,2,5,5,5,0,0,0,0,0,0,3,11,0
1402,1954,Master,Married,66991,0,0,11-09-2012,1,496,36,460,189,60,12,3,4,8,6,3,0,0,0,0,0,0,3,11,0
6312,1959,Graduation,Married,65031,0,1,17-03-2013,29,258,107,291,84,37,86,4,10,3,13,7,0,0,0,0,0,0,3,11,0
8132,1975,PhD,Married,60631,1,1,05-04-2013,88,565,6,65,0,6,19,5,9,2,8,7,0,1,0,0,0,0,3,11,0
1050,1952,Graduation,Married,28332,0,0,30-04-2014,58,14,10,13,4,15,9,1,2,1,4,2,0,0,0,0,0,0,3,11,0
5846,1977,Graduation,Divorced,40246,1,0,19-12-2012,68,2,1,6,2,1,1,1,1,0,2,6,0,0,0,0,0,0,3,11,0
1859,1972,Master,Married,75251,0,0,27-08-2012,34,721,111,925,97,18,18,1,7,6,5,5,0,0,0,0,0,0,3,11,1
7503,1976,Graduation,Single,75825,0,0,12-10-2012,40,1032,105,779,137,105,51,0,5,8,9,4,1,0,0,0,0,0,3,11,1
3332,1985,Graduation,Single,29760,1,0,29-08-2012,87,64,4,68,7,5,17,4,3,1,4,8,0,0,0,0,0,0,3,11,0
2261,1969,Graduation,Married,26304,1,0,23-06-2013,5,4,1,5,2,0,4,1,1,0,2,7,0,0,0,0,0,0,3,11,0
535,1987,Graduation,Divorced,81361,0,0,25-02-2014,18,163,23,424,27,65,76,1,3,10,13,1,0,0,0,0,0,0,3,11,0
5268,1960,Graduation,Married,29440,1,1,11-08-2013,95,17,8,14,10,4,3,2,1,0,4,7,0,0,0,0,0,0,3,11,0
273,1970,Master,Married,36138,1,1,16-07-2013,48,130,0,16,0,0,5,5,3,1,4,7,0,1,0,0,0,0,3,11,0
4452,1957,Graduation,Single,50388,0,1,28-05-2014,3,292,6,37,0,3,34,4,6,1,6,7,0,1,0,1,0,0,3,11,1
8504,1973,Graduation,Married,79593,0,0,12-05-2014,70,350,60,568,110,133,145,1,5,6,7,2,0,0,1,0,0,0,3,11,0
771,1967,Graduation,Together,54178,0,1,21-01-2014,79,135,9,39,4,0,7,1,2,2,5,2,0,0,0,0,0,0,3,11,0
11178,1972,Master,Single,42394,1,0,23-03-2014,69,15,2,10,0,1,4,1,1,0,3,7,0,0,0,0,0,0,3,11,0
2230,1970,PhD,Married,23626,1,0,24-05-2014,84,27,2,14,0,0,0,3,3,1,3,5,0,0,0,0,0,0,3,11,0
7516,1983,Graduation,Married,30096,1,0,22-05-2014,30,5,3,11,12,5,9,1,2,0,3,6,0,0,0,0,0,0,3,11,0
7247,1960,Graduation,Widow,47916,0,1,22-11-2012,72,505,0,26,0,0,75,5,7,4,6,6,0,1,0,0,0,0,3,11,0
11100,1972,Graduation,Divorced,51813,1,1,11-04-2013,37,51,2,7,0,1,2,2,2,0,3,7,0,0,0,0,0,0,3,11,0
4518,1979,Graduation,Together,85693,0,1,20-04-2013,59,386,172,183,185,132,111,2,9,5,11,5,0,0,0,0,0,0,3,11,0
9370,1945,PhD,Married,65846,0,0,17-05-2013,68,562,81,276,80,40,81,1,6,3,6,4,0,0,0,0,0,0,3,11,0
8908,1959,Graduation,Married,87195,0,0,08-05-2014,35,217,76,690,50,26,38,1,3,11,5,1,0,0,0,0,0,0,3,11,1
8373,1979,Basic,Together,24594,1,0,10-12-2013,94,1,3,6,10,0,9,1,1,0,3,5,0,0,0,0,0,0,3,11,0
7533,1964,Graduation,Married,49096,1,1,24-09-2013,15,144,1,32,2,1,7,4,4,1,4,7,0,0,0,0,0,0,3,11,0
2683,1969,Graduation,Married,52413,0,2,02-02-2013,56,295,106,271,75,98,65,4,6,4,12,6,0,0,0,0,0,0,3,11,0
3629,1978,Graduation,Single,38557,1,0,19-12-2012,17,76,3,31,4,4,27,2,3,1,3,7,0,0,0,0,0,0,3,11,0
10991,1960,Master,Married,89058,0,0,07-12-2012,18,454,194,106,31,22,43,1,5,4,4,2,0,0,0,0,0,0,3,11,0
5077,1979,Graduation,Together,77298,0,1,02-11-2013,46,425,115,292,23,35,79,1,6,6,11,3,0,0,0,0,0,0,3,11,0
7431,1991,PhD,Single,68126,0,0,10-11-2012,40,1332,17,311,23,51,86,1,7,4,5,9,0,1,0,0,0,0,3,11,1
3267,1963,Master,Together,57288,0,1,25-06-2014,27,527,0,21,0,0,60,3,8,1,8,6,0,1,0,0,0,0,3,11,0
999,1991,Graduation,Single,86037,0,0,02-01-2013,95,490,44,125,29,20,22,1,6,7,11,3,0,1,1,0,0,0,3,11,1
9215,1980,PhD,Married,43974,1,0,12-12-2012,19,378,0,101,0,0,72,5,6,4,6,7,0,0,0,0,0,0,3,11,0
2286,1962,Graduation,Single,50785,1,1,10-09-2013,27,64,1,21,0,1,27,2,2,1,3,6,0,0,0,0,0,0,3,11,0
1592,1970,Graduation,Married,90765,0,0,24-01-2014,25,547,99,812,151,82,33,0,4,6,5,1,0,0,1,1,0,0,3,11,0
9805,1953,Master,Together,56129,0,1,20-06-2013,65,320,48,133,39,72,48,4,6,2,10,4,0,0,0,0,0,0,3,11,0
6205,1967,Master,Single,32557,1,0,24-02-2014,13,34,3,29,0,4,10,3,2,1,3,5,0,0,0,0,0,0,3,11,1
8442,1985,Master,Married,19510,2,0,04-09-2013,63,9,0,7,3,4,7,2,1,0,3,7,0,0,0,0,0,0,3,11,0
7386,1976,Graduation,Divorced,30992,1,0,22-04-2013,83,17,0,14,7,3,2,1,1,0,3,7,0,0,0,0,0,0,3,11,0
7215,1983,Graduation,Single,101970,0,0,12-03-2013,69,722,27,102,44,72,168,0,6,8,13,2,0,1,1,1,0,0,3,11,1
3381,1953,Master,Married,54348,1,1,08-06-2014,51,70,0,16,0,0,4,2,2,0,4,6,0,0,0,0,0,0,3,11,0
11051,1956,PhD,Together,77376,1,1,10-05-2014,72,492,19,110,16,12,12,4,6,3,10,4,0,0,0,0,0,0,3,11,0
8026,1952,Graduation,Married,62998,0,1,30-09-2013,10,120,58,73,65,89,58,5,5,4,5,5,0,0,0,0,0,0,3,11,0
433,1958,Master,Alone,61331,1,1,10-03-2013,42,534,5,47,0,5,41,5,11,1,6,8,0,0,0,0,0,0,3,11,0
9597,1969,Graduation,Married,73448,0,0,10-02-2014,10,236,106,189,23,41,130,1,7,2,9,4,0,0,0,0,0,0,3,11,0
5290,1964,PhD,Married,41551,1,1,14-08-2013,51,220,0,33,3,0,23,5,5,1,5,8,0,0,0,0,0,0,3,11,0
1685,1967,PhD,Together,62981,0,0,17-03-2013,21,796,14,590,38,44,0,1,4,5,13,3,0,1,0,0,0,0,3,11,0
5342,1976,Basic,Divorced,9548,1,0,08-08-2012,31,0,1,3,10,6,9,2,1,0,3,8,0,0,0,0,0,0,3,11,0
9579,1959,PhD,Married,33762,2,1,07-07-2013,61,53,1,34,2,0,16,3,2,2,2,8,0,0,0,0,0,0,3,11,0
7660,1973,PhD,Alone,35860,1,1,19-05-2014,37,15,0,8,4,2,20,2,1,1,2,5,1,0,0,0,0,0,3,11,1
1461,1965,PhD,Divorced,36921,1,1,28-07-2013,74,17,1,12,3,1,4,2,2,0,3,7,0,0,0,0,0,0,3,11,0
821,1992,Master,Single,92859,0,0,19-10-2012,46,962,61,921,52,61,20,1,5,4,12,2,0,0,0,0,0,0,3,11,0
11084,1976,Master,Together,65104,0,1,14-11-2013,4,738,0,232,13,20,50,2,3,5,7,7,0,0,0,0,0,0,3,11,1
8690,1962,Graduation,Married,86111,0,0,19-04-2013,73,399,28,756,36,40,126,1,5,7,10,2,0,0,0,0,0,0,3,11,0
2937,1974,PhD,Single,68352,0,1,28-08-2013,47,614,16,132,43,33,33,3,8,5,9,6,0,0,0,0,0,0,3,11,0
9701,1988,Graduation,Together,41883,1,0,19-03-2013,13,32,34,41,73,16,116,3,4,2,3,7,0,0,0,0,0,0,3,11,0
9949,1976,Graduation,Married,59809,0,2,18-10-2012,36,598,16,141,32,41,49,3,3,3,6,8,0,0,0,0,0,0,3,11,0
10837,1975,Graduation,Married,23957,1,0,28-10-2012,47,2,1,18,20,11,16,1,2,0,3,6,0,0,0,0,0,0,3,11,1
3120,1981,Graduation,Together,38547,1,0,28-08-2013,49,6,1,10,0,1,4,1,1,0,2,8,0,0,0,0,0,1,3,11,0
3830,1953,Master,Married,59354,0,2,24-04-2014,59,295,21,78,39,13,13,1,4,4,7,3,0,0,0,0,0,0,3,11,0
7987,1969,Graduation,Married,65747,0,1,07-03-2014,96,346,17,48,23,13,13,4,8,1,6,6,0,1,0,0,0,0,3,11,0
7055,1952,PhD,Together,61010,0,1,09-10-2012,57,888,0,57,0,0,76,2,8,5,11,5,0,0,0,0,0,0,3,11,0
10240,1949,Graduation,Together,69372,0,0,19-02-2013,10,997,26,269,34,13,42,1,10,4,6,4,0,1,1,0,0,0,3,11,1
3025,1958,Graduation,Single,49967,0,1,08-07-2013,4,212,6,69,4,12,3,3,6,1,5,7,0,0,0,0,0,0,3,11,0
9283,1978,Graduation,Single,60199,1,2,12-09-2013,49,8,1,7,2,0,0,1,0,0,3,4,0,0,0,0,0,0,3,11,0
9970,1977,Graduation,Together,55375,0,1,17-10-2013,3,42,11,57,10,28,14,1,1,1,6,2,0,0,0,0,0,0,3,11,0
2730,1955,Graduation,Single,80317,0,0,20-08-2013,64,536,11,387,149,91,57,1,3,4,10,1,0,0,0,0,0,0,3,11,0
2795,1958,Master,Single,30523,2,1,01-07-2013,0,5,0,3,0,0,5,1,1,0,2,7,0,0,0,0,0,0,3,11,0
9260,1945,PhD,Married,70356,0,0,05-11-2012,20,1349,16,249,43,16,33,2,10,6,9,6,0,0,0,0,0,0,3,11,0
8182,1984,Graduation,Married,23228,1,0,05-01-2014,91,53,3,49,7,4,5,4,3,0,4,8,0,0,0,0,0,0,3,11,0
10095,1975,PhD,Divorced,74165,0,0,01-05-2013,9,1001,12,240,16,12,12,1,5,4,10,2,0,0,0,0,0,0,3,11,0
8475,1973,PhD,Married,157243,0,1,01-03-2014,98,20,2,1582,1,2,1,15,0,22,0,0,0,0,0,0,0,0,3,11,0
4370,1966,Graduation,Together,43482,2,1,13-11-2013,83,18,1,32,6,3,28,3,2,0,4,6,0,0,0,0,0,0,3,11,0
10573,1953,Graduation,Divorced,62551,0,0,18-11-2013,27,125,16,98,134,21,27,1,6,7,4,3,1,0,0,0,0,0,3,11,0
3712,1959,Graduation,Divorced,52332,0,0,28-08-2013,63,212,5,33,7,0,2,1,3,2,6,4,0,1,0,0,0,0,3,11,0
6637,1988,Graduation,Single,66951,0,0,02-11-2013,46,277,162,305,173,76,124,1,3,4,7,1,0,0,0,0,0,0,3,11,0
3152,1957,Graduation,Together,26091,1,1,25-02-2014,84,15,10,19,8,17,20,3,2,1,3,5,0,0,0,0,0,0,3,11,0
5610,1965,Graduation,Together,33456,1,1,21-04-2014,58,7,3,10,8,1,7,2,1,0,3,7,0,0,0,0,0,0,3,11,0
6460,1982,Graduation,Married,28718,1,0,13-07-2013,78,12,4,6,11,8,16,2,2,0,3,8,0,0,0,0,0,0,3,11,0
1349,1970,Graduation,Married,50447,2,0,21-04-2014,4,85,7,24,2,3,27,1,3,1,3,6,0,0,0,0,0,0,3,11,0
1880,1959,PhD,Together,53537,1,1,30-01-2014,17,81,0,6,0,0,6,2,2,1,3,5,0,0,0,0,0,0,3,11,0
641,1967,Graduation,Single,52074,0,1,04-04-2014,77,59,0,12,0,0,48,1,2,2,2,4,1,0,0,0,0,0,3,11,0
8717,1975,PhD,Married,80427,0,1,12-09-2012,56,1149,71,449,69,71,26,1,11,8,8,5,0,0,0,0,0,0,3,11,0
10314,1948,PhD,Married,83837,0,0,16-12-2012,79,847,66,119,86,89,111,1,9,10,5,4,0,1,0,1,0,0,3,11,1
10854,1970,PhD,Married,38853,1,1,23-05-2014,90,29,0,14,0,0,2,2,2,0,3,7,0,0,0,0,0,0,3,11,0
10492,1959,Graduation,Together,38285,2,1,24-06-2014,96,2,0,5,2,0,1,1,0,0,3,2,0,0,0,0,0,0,3,11,0
10796,1984,Master,Married,30477,1,0,22-01-2014,16,47,1,6,0,0,12,1,1,1,3,6,0,0,0,0,0,0,3,11,0
2563,1961,Basic,Married,28249,0,0,15-06-2014,80,1,9,7,2,14,10,1,2,0,3,6,0,0,0,0,0,0,3,11,0
3518,1983,Graduation,Married,25271,1,0,05-12-2012,45,10,1,18,10,4,7,1,1,1,2,9,0,0,0,0,0,0,3,11,0
5823,1970,PhD,Single,32303,0,1,08-03-2014,63,35,0,2,0,0,2,2,1,0,4,5,0,0,0,0,0,0,3,11,0
3934,1966,Graduation,Married,61286,0,1,02-08-2013,34,356,0,107,19,9,117,2,7,1,8,5,0,0,0,0,0,0,3,11,0
6982,1976,Graduation,Married,74068,0,0,19-03-2013,14,783,30,537,140,76,15,1,4,10,9,2,0,0,0,0,0,0,3,11,0
6431,1964,PhD,Married,45759,1,1,23-02-2013,13,42,1,18,3,0,4,2,2,0,3,7,0,0,0,0,0,0,3,11,0
9733,1978,Basic,Together,24882,1,0,09-09-2012,52,1,4,10,29,0,36,1,1,1,2,6,1,0,0,0,0,0,3,11,0
5602,1989,PhD,Together,66973,0,0,17-05-2013,98,466,22,432,147,113,102,1,8,7,12,3,0,0,0,0,0,0,3,11,0
326,1973,Graduation,Married,51148,1,1,18-02-2013,38,235,6,45,8,9,12,4,5,1,6,6,0,0,0,0,0,0,3,11,0
7224,1977,Graduation,Married,31353,1,1,29-12-2013,24,10,0,10,3,1,7,2,1,1,2,8,0,0,0,0,0,0,3,11,0
6999,1980,Master,Married,69661,0,0,13-05-2014,80,656,16,106,32,16,8,1,7,3,12,3,0,0,0,0,0,0,3,11,0
9938,1954,Graduation,Married,80067,0,0,19-09-2013,82,519,17,813,27,173,51,1,4,6,6,2,0,0,1,0,0,0,3,11,0
6422,1954,Graduation,Married,86718,0,0,17-01-2013,20,344,189,482,50,33,172,1,5,6,5,2,0,0,0,0,0,0,3,11,0
3182,1973,PhD,Single,46854,1,1,31-03-2014,81,96,1,79,7,1,79,6,5,1,3,8,1,0,0,0,0,0,3,11,1
7300,1952,Graduation,Divorced,69142,0,1,29-06-2014,50,448,4,34,6,4,39,3,8,1,7,5,0,1,0,0,0,0,3,11,0
10424,1968,Graduation,Single,75922,0,0,09-12-2013,60,265,138,553,224,23,92,1,4,4,9,1,0,0,0,0,0,0,3,11,0
8727,1978,Graduation,Divorced,63693,0,1,14-10-2013,63,587,43,337,42,87,54,3,11,6,9,6,0,0,0,0,0,0,3,11,0
2798,1977,PhD,Together,102160,0,0,02-11-2012,54,763,29,138,76,176,58,0,7,9,10,4,0,1,1,1,0,0,3,11,1
1030,1965,PhD,Single,40637,1,1,17-07-2013,72,22,0,13,0,0,3,2,1,0,3,7,0,0,0,0,0,0,3,11,0
624,1984,Master,Single,18890,0,0,10-11-2012,5,6,4,1,7,2,15,1,0,1,2,6,1,0,0,0,0,0,3,11,1
5176,1988,Graduation,Together,29604,1,0,08-12-2013,88,7,6,13,7,6,14,1,1,0,3,9,1,0,0,0,0,0,3,11,0
5552,1963,Master,Divorced,48721,1,1,13-05-2013,50,81,18,113,47,13,21,6,4,2,5,6,0,0,0,0,0,0,3,11,0
868,1966,Graduation,Married,44794,0,1,08-06-2014,99,54,0,7,0,0,4,1,2,0,3,6,0,0,0,0,0,0,3,11,0
380,1954,Graduation,Divorced,64497,0,1,10-09-2012,17,1170,48,320,42,32,192,5,11,4,9,8,1,0,0,0,0,0,3,11,1
2677,1956,Graduation,Together,46097,0,1,31-03-2013,11,72,24,68,65,4,8,5,3,1,6,4,0,0,0,0,0,0,3,11,0
6521,1954,Graduation,Together,77972,0,0,18-03-2014,18,613,22,319,33,102,12,1,4,6,9,1,0,0,0,0,0,0,3,11,0
6927,1968,PhD,Married,44377,1,1,05-10-2012,70,224,0,30,0,0,10,8,5,1,5,8,0,0,0,0,0,0,3,11,0
2877,1974,Master,Together,46014,1,1,21-01-2013,21,410,0,59,19,9,44,10,7,1,8,7,0,0,0,0,0,0,3,11,0
0,1985,Graduation,Married,70951,0,0,04-05-2013,66,239,10,554,254,87,54,1,3,4,9,1,0,0,0,0,0,0,3,11,0
1584,1977,Graduation,Married,41443,1,0,01-04-2014,79,171,7,171,25,19,89,6,8,1,5,8,0,0,0,0,0,0,3,11,0
1377,1954,Master,Widow,44551,0,1,31-08-2013,24,182,4,33,0,0,66,2,4,1,5,7,0,0,0,0,0,0,3,11,0
454,1980,Graduation,Together,69508,1,0,14-11-2012,48,824,32,162,42,32,43,2,11,4,11,6,0,0,0,0,0,0,3,11,0
4785,1970,PhD,Together,77622,0,2,14-04-2014,3,520,7,154,19,0,14,2,6,3,11,3,0,0,0,0,0,0,3,11,0
9076,1980,PhD,Married,30732,1,0,05-01-2013,44,155,1,25,0,1,3,4,4,1,4,8,0,0,0,0,0,0,3,11,0
7079,1962,Graduation,Divorced,63887,0,1,08-09-2012,38,897,23,207,15,11,92,5,9,6,12,6,0,0,0,0,0,0,3,11,0
4653,1978,Graduation,Together,42011,1,0,26-03-2013,46,131,0,16,2,1,39,4,3,1,4,8,0,0,0,0,0,0,3,11,0
7375,1976,Graduation,Together,51369,0,1,25-10-2012,84,297,7,79,0,11,182,2,8,2,4,8,0,0,0,0,0,0,3,11,0
709,1952,Graduation,Divorced,51537,0,1,09-12-2012,27,787,20,204,0,0,92,3,2,2,11,8,0,0,0,0,0,0,3,11,0
460,1972,PhD,Married,79930,0,0,08-08-2012,72,792,86,740,67,51,17,1,3,5,8,2,0,0,0,0,0,0,3,11,0
3726,1986,PhD,Together,34320,1,0,16-02-2014,66,4,1,9,3,0,0,1,1,0,2,8,0,0,0,0,0,0,3,11,0
6798,1966,Graduation,Single,37070,1,1,20-03-2013,30,231,7,137,4,15,39,9,5,1,8,7,0,0,0,0,0,0,3,11,1
9617,1951,Graduation,Single,15033,0,0,16-04-2014,37,0,4,5,6,0,4,1,1,0,3,3,0,0,0,0,0,0,3,11,0
3233,1965,PhD,Married,62745,0,1,23-03-2013,89,562,21,464,28,10,32,3,7,8,11,5,0,0,0,0,0,0,3,11,0
9449,1958,PhD,Single,79761,0,1,04-10-2013,32,415,5,124,15,35,11,1,5,2,11,3,0,0,0,0,0,0,3,11,0
7297,1973,Graduation,Single,7500,1,0,26-12-2013,54,5,3,10,12,7,20,4,3,1,3,7,0,0,0,0,0,0,3,11,0
9940,1958,Graduation,Together,64961,0,1,23-12-2012,97,382,114,276,75,124,38,2,6,4,4,3,0,0,0,0,0,0,3,11,0
10735,1971,Graduation,Single,22804,1,0,31-07-2013,75,14,1,7,2,1,1,1,2,0,2,9,0,0,0,0,0,0,3,11,0
9529,1990,Graduation,Married,73687,0,0,28-11-2013,8,559,153,503,218,13,181,1,3,9,9,2,0,0,0,1,0,0,3,11,1
6439,1958,Graduation,Married,61074,0,1,17-08-2012,37,789,0,133,0,28,152,7,11,5,8,7,0,0,0,0,0,0,3,11,0
7411,1964,PhD,Married,31686,1,1,05-06-2014,31,11,0,5,0,0,1,2,1,0,3,6,0,0,0,0,0,0,3,11,0
2176,1972,Graduation,Married,80134,1,0,20-05-2013,40,1218,16,272,104,0,80,2,5,3,6,6,0,1,1,1,0,0,3,11,1
9265,1953,Graduation,Married,75027,0,1,09-01-2013,74,925,64,179,133,12,77,2,9,4,6,5,0,0,0,0,0,0,3,11,0
8867,1988,PhD,Married,67546,0,0,31-08-2012,90,864,134,768,150,38,172,1,4,10,5,3,0,0,0,0,0,0,3,11,0
8932,1969,Master,Together,65176,0,1,29-10-2012,57,960,28,183,220,70,70,4,9,6,6,6,0,0,0,0,0,0,3,11,0
10236,1975,Master,Single,31160,1,0,16-09-2013,59,16,3,25,6,1,13,2,2,0,3,8,0,0,0,0,0,0,3,11,0
6340,1985,Graduation,Single,29938,1,0,27-10-2013,52,3,3,7,0,2,11,2,1,0,3,6,0,0,0,0,0,0,3,11,0
